ds,yhat,yhat_lower,yhat_upper,raw_data,status
2023-04-06 21:24:00,8529149.271400232,1668900.3970313095,15446951.150669644,17579820.95,too high
2023-04-06 21:26:00,8661481.867510587,1751535.9511157223,15869433.38600409,18981827.28,too high
2023-04-06 21:28:00,8727206.356779827,1844916.3259348,15687237.688526418,20147438.62,too high
2023-04-06 21:30:00,8720293.844694609,2030381.7858322016,15933711.755263267,18872123.47,too high
2023-04-06 21:32:00,8639427.350281376,1381132.9827257558,16012567.636802066,19019717.13,too high
2023-04-06 21:34:00,8488212.550863251,1184818.2319713414,15282904.637188911,20275803.05,too high
2023-04-06 21:36:00,8275013.722591879,1723119.3080355483,15550635.3165957,19975638.12,too high
2023-04-06 21:38:00,8012408.321519026,543402.8962265464,14640282.512801738,19479116.33,too high
2023-04-06 21:40:00,7716285.614394961,484662.2915073978,14984011.03934628,18790374.13,too high
2023-04-06 21:42:00,7404647.196177479,499424.6939202671,14606084.933403865,18543768.8,too high
2023-04-06 21:44:00,7096196.974346875,52588.73679981906,14266975.564556325,16707976.8,too high
2023-04-07 19:18:00,16730636.619490534,9428473.297916785,23402639.71020092,37017393.2,too high
2023-04-07 19:20:00,16948858.43884627,9735724.45483546,24003048.529908758,41207393.22,too high
2023-04-07 19:22:00,17035239.627846554,10266490.673458347,23985099.226996493,40853014.7,too high
2023-04-07 19:24:00,16984342.639297884,9923273.921909012,23702943.558051422,42809647.22,too high
2023-04-07 19:26:00,16798869.06574554,9905834.354233462,23642397.900471862,38344757.3,too high
2023-04-07 19:28:00,16489401.753758904,9769982.77492895,24165179.33900732,37458150.07,too high
2023-04-07 19:30:00,16073513.850531772,8605532.518614296,23112993.36933801,34070106.02,too high
2023-04-07 19:32:00,15574331.826909766,8343275.45233247,22447442.896798786,36367111.78,too high
2023-04-07 19:34:00,15018689.156986482,7713526.553598008,22318177.45131726,35878848.23,too high
2023-04-07 19:36:00,14435042.810134085,7570915.793713985,21627023.288724408,34899181.57,too high
2023-04-07 19:38:00,13851342.610311706,7371489.51791586,21056056.555309556,33580112.85,too high
2023-04-07 19:40:00,13293042.631161394,6245132.122997627,19880882.216004446,32113161.47,too high
2023-04-07 19:42:00,12781424.354926478,5674001.967375285,20429690.863281384,29571609.62,too high
2023-04-07 21:20:00,10588236.634565532,3332038.3743154765,17760960.303277716,33043790.68,too high
2023-04-07 21:22:00,10776958.427953465,2889552.2796788043,17691042.642165616,34459082.88,too high
2023-04-07 21:24:00,10924623.980863469,4273957.633643976,18174722.80461526,36772233.87,too high
2023-04-07 21:26:00,11017791.450213224,4247996.2170074815,17961158.460742243,42275028.6,too high
2023-04-07 21:28:00,11046346.090545144,4140415.4597454704,18292653.30355596,43365079.98,too high
2023-04-07 21:30:00,11004330.628208686,3953048.549540935,18276072.21502169,25513460.23,too high
2023-04-07 22:54:00,9234752.099290024,2368092.865533089,16077840.309587091,23504522.83,too high
2023-04-07 22:56:00,9169435.915566389,2353435.99399725,16404597.952355828,24718216.03,too high
2023-04-07 22:58:00,9011722.522629311,2112724.6276338208,16515525.47927726,31259788.73,too high
2023-04-07 23:00:00,8772965.463895882,1691186.1405890076,15948254.022581851,35419260.82,too high
2023-04-07 23:02:00,8470334.348979248,1119314.344211705,15631963.23805445,32079700.98,too high
2023-04-07 23:04:00,8125297.997662893,369040.5954322168,15184854.288451755,40797674.8,too high
2023-04-07 23:06:00,7761792.299729474,760884.9893923629,15023485.182017207,36662568.48,too high
2023-04-08 00:42:00,5166103.610811925,0.0,12281639.724563494,36031744.15,too high
2023-04-08 00:44:00,5069011.859237847,0.0,12197224.401676351,36179614.2,too high
2023-04-08 00:46:00,5055796.06141272,0.0,11903192.539784582,23621487.22,too high
2023-04-08 00:48:00,5150174.605574066,0.0,12324045.603837373,21998415.45,too high
2023-04-08 00:50:00,5369582.613455634,0.0,12332036.788398078,24951925.73,too high
2023-04-08 00:52:00,5722970.548536443,0.0,12377204.614282714,23186067.37,too high
2023-04-08 01:02:00,9085536.415059498,2109058.773891173,16427403.941445377,1570905.533,too low
2023-04-08 01:04:00,9859102.51048616,2953955.468222483,16637918.833455306,1180816.717,too low
2023-04-08 01:06:00,10564337.0435163,3826904.5128589575,17870607.925207045,1411842.383,too low
2023-04-08 01:08:00,11155819.090224016,4104948.317052048,17984324.97891419,1369905.217,too low
2023-04-08 01:10:00,11593659.506090008,3922931.338343968,18727687.503793426,1292121.633,too low
2023-04-08 01:12:00,11846780.773576252,5132457.2233651085,19525001.995664008,1271118.15,too low
2023-04-08 01:14:00,11895550.834799783,4775726.896444447,19047473.493207883,34538842.02,too high
2023-04-08 01:16:00,11733520.0221749,4567771.346125874,19077031.31986724,32785465.07,too high
2023-04-08 01:18:00,11368088.974753652,4561342.640740477,18413870.45390401,36646599.55,too high
2023-04-08 01:20:00,10820032.82730878,3300839.809110458,18271140.306116927,39087540.78,too high
2023-04-08 01:22:00,10121913.466778584,2903678.978157341,17449677.648323845,18120920.05,too high
2023-04-08 01:24:00,9315516.543398757,2325516.493749918,15953594.668578643,1516256.033,too low
2023-04-08 01:26:00,8448542.696109649,1386200.242484562,15891624.394519905,983546.5667,too low
2023-04-08 02:10:00,6627460.601582092,0.0,13928711.907831237,34749055.73,too high
2023-04-08 02:12:00,6795224.973331272,0.0,13706492.381428355,32877915.4,too high
2023-04-08 02:14:00,6991278.800086722,0.0,13634750.831367048,35640111.13,too high
2023-04-08 02:16:00,7211148.322607794,0.0,13785029.931655994,32765891.87,too high
2023-04-08 02:18:00,7444552.288932783,166213.6607008913,15102373.702235224,31037260.42,too high
2023-04-08 02:20:00,7676364.048834377,811258.2406060507,14729611.57752148,34667395.55,too high
2023-04-08 02:22:00,7888219.683717325,538524.3342192926,14781306.56930158,34262629.42,too high
2023-04-08 02:24:00,8060579.956254229,1081899.822725943,15152367.047522193,39081742.63,too high
2023-04-08 02:26:00,8175002.84294953,746536.8445270645,15900588.465020616,42476042.58,too high
2023-04-08 02:28:00,8216360.54583911,820767.2166768245,14879480.364728693,42590574.93,too high
2023-04-08 02:30:00,8174742.505078983,704337.9478973453,15602787.543984223,42632745.37,too high
2023-04-08 02:32:00,8046822.788850794,961346.1744076712,14955018.404422345,22436797.95,too high
2023-04-08 02:34:00,7836531.867800371,1251420.6457756355,14491088.68671867,22063871.05,too high
2023-04-08 02:36:00,7554951.9879956255,541957.833986156,14713686.900488513,21522548.83,too high
2023-04-08 02:38:00,7219442.935382837,255015.78239869507,14336297.317051904,22054506.2,too high
2023-04-08 02:40:00,6852091.1332525695,145109.4272808227,13563656.359480117,22038265.73,too high
2023-04-08 04:04:00,3752617.1706418814,0.0,10637792.64935152,30206143.58,too high
2023-04-08 04:06:00,3709730.659241287,0.0,10695424.858433044,10940045.25,too high
2023-04-08 07:52:00,9190601.196790691,2457469.864423065,16812518.049325343,22424101.73,too high
2023-04-08 07:54:00,9542653.155823776,2861571.635036728,16365717.211608348,22860727.4,too high
2023-04-08 07:56:00,9886835.295590123,2146062.670996537,16987004.478140436,23233201.88,too high
2023-04-08 07:58:00,10220587.855181554,2651628.820686962,17133871.97646798,23165536.85,too high
2023-04-08 08:00:00,10547775.342158876,2987622.6885002684,17388332.91742136,22998821.2,too high
2023-04-08 08:02:00,10871070.253139105,4435875.341099242,17999553.71293334,24852820.53,too high
2023-04-08 08:04:00,11193134.440499056,4316607.127493116,18670989.52297978,26504339.0,too high
2023-04-08 08:06:00,11515511.564899806,4890185.841792805,18573661.12564828,28624222.25,too high
2023-04-08 08:08:00,11837644.63003572,4917656.371548627,18827296.061346754,26383246.03,too high
2023-04-08 08:10:00,12156174.171542402,5539176.761896271,18941488.89910522,29567566.1,too high
2023-04-08 08:12:00,12464642.107104989,5921196.388714801,19261273.72424096,45951109.8,too high
2023-04-08 08:14:00,12753678.49300778,5729101.484115713,20263876.32199557,45861023.03,too high
2023-04-08 08:16:00,13011688.791254988,6122057.298780211,20342949.09100615,4808166.0,too low
2023-04-08 08:20:00,13384319.461382044,6488955.842810804,20487348.977598395,5276195.583,too low
2023-04-08 08:22:00,13476458.403603772,6653363.515310756,20997693.280329607,4933389.083,too low
2023-04-08 08:30:00,13136942.451259265,6380385.393534154,20495339.93510105,4760962.467,too low
2023-04-08 08:54:00,14478733.53199078,7401246.308843355,21519151.34702076,6552855.05,too low
2023-04-08 08:56:00,15166837.50373702,8240875.725243131,22672820.512616057,8098248.567,too low
2023-04-08 08:58:00,15860507.34061713,8827283.29099433,22437004.35996073,38710000.88,too high
2023-04-08 09:00:00,16521240.630114429,9629595.021292089,23442863.26070022,41994706.93,too high
2023-04-08 09:02:00,17112433.90535678,10583934.054917865,24820165.73441116,48368303.27,too high
2023-04-08 09:04:00,17602341.120398965,10341955.449859189,24550706.58890479,51224554.32,too high
2023-04-08 09:06:00,17966595.5712756,11043398.88536192,25143641.43021222,51200785.62,too high
2023-04-08 09:08:00,18190059.38999592,11370035.596323078,24915735.47369699,51933127.18,too high
2023-04-08 09:10:00,18267831.876476448,11020975.51219167,25084345.85222332,40674969.48,too high
2023-04-08 09:20:00,16954005.553576957,9713337.365146965,23371892.439309303,37244421.3,too high
2023-04-08 09:22:00,16533798.098160729,9507308.982278047,23776563.07077912,32196869.23,too high
2023-04-08 09:30:00,15218583.869119408,8551647.308424685,21686665.882956844,8314695.233,too low
2023-04-08 09:50:00,14767877.550834224,8081020.15105971,21659751.16952072,7023786.867,too low
2023-04-08 12:08:00,14735993.440998651,7122573.505031397,21800630.87179851,37549021.0,too high
2023-04-08 12:10:00,14904969.30875381,7868317.723155798,21824769.00949095,30605891.77,too high
2023-04-08 12:12:00,15058653.522133265,7476385.837755064,22151266.17255161,30622016.65,too high
2023-04-08 12:14:00,15189503.36393186,7956328.287126319,22189268.85790744,35567926.58,too high
2023-04-08 12:16:00,15292276.86403118,8248969.098993649,21996957.23762517,35048548.32,too high
2023-04-08 12:18:00,15364013.34677228,8129074.748710505,22320688.91361204,32710512.12,too high
2023-04-08 12:20:00,15403777.89395238,8660741.580845421,21989952.12733517,30109572.73,too high
2023-04-08 12:22:00,15412238.485013938,8246265.305382718,22237185.34636816,30542283.28,too high
2023-04-08 12:24:00,15391159.329945551,7849251.60968962,22488196.57639161,34776553.97,too high
2023-04-08 12:26:00,15342896.429419078,8234707.031805297,22490743.381721266,32391390.0,too high
2023-04-08 12:28:00,15269971.920186453,8672620.160037093,22815353.3095088,31715546.83,too high
2023-04-08 12:30:00,15174784.16566944,7995302.615344613,22055701.655934904,31655111.47,too high
2023-04-08 12:32:00,15059483.900123954,7509042.93961376,22162452.0753836,30978849.38,too high
2023-04-08 12:34:00,14926017.045259353,7895116.1357875345,22195815.18278034,22334794.63,too high
2023-04-08 22:48:00,8541544.98705715,1572575.7911153857,16174251.494600568,28663184.38,too high
2023-04-08 22:50:00,8814017.399157211,1798223.34061214,15086680.467465216,36360645.0,too high
2023-04-08 22:52:00,9001003.982827554,1988006.3416193,15934191.22996101,37661792.68,too high
2023-04-08 22:54:00,9092413.83932932,2124341.6185755534,16063943.705863563,40565847.88,too high
2023-04-08 22:56:00,9085358.219960855,2228214.728525859,15571644.623298405,43382516.08,too high
2023-04-08 23:32:00,8014875.418058917,1258393.9006692446,15155722.122262122,37731109.68,too high
2023-04-08 23:34:00,8197329.561484806,758031.4738448085,15507626.140292965,37511669.27,too high
2023-04-08 23:36:00,8336574.297097456,1149841.519406262,15524066.02380215,37199857.75,too high
2023-04-08 23:38:00,8422999.758893726,1314166.9118999103,15211746.009149218,38230363.38,too high
2023-04-08 23:40:00,8450578.184014289,722315.5271067765,15032744.199630572,40694391.55,too high
2023-04-08 23:42:00,8416926.452790633,1173257.4667131146,15440639.788373446,41962182.67,too high
2023-04-08 23:44:00,8323152.432252472,1295711.450843926,15398186.987153497,26627755.92,too high
2023-04-08 23:46:00,8173535.118561563,792248.4717116244,15396808.072118498,22904785.52,too high
2023-04-08 23:48:00,7975090.155869514,892619.8152363301,15584215.617207678,16616912.42,too high
2023-04-09 00:28:00,6439739.556366791,0.0,13509250.150937408,28255672.95,too high
2023-04-09 01:02:00,8333308.929225527,1444225.0907507492,15040198.583421083,742570.4833,too low
2023-04-09 01:04:00,9017991.047047071,2593316.4683523597,16153804.160932662,894066.5333,too low
2023-04-09 01:06:00,9632424.775219576,2408314.645736892,16772425.304032698,1194798.533,too low
2023-04-09 01:08:00,10131276.122742206,3267604.1853161203,17866494.904683087,1524912.325,too low
2023-04-09 01:10:00,10474747.42399736,3862621.3781923647,17747274.74756224,1269964.967,too low
2023-04-09 01:12:00,10631857.145926367,3440245.4357985463,17582648.260784246,988119.45,too low
2023-04-09 01:14:00,10583073.663027534,3729229.729590908,17433914.106371004,856524.0167,too low
2023-04-09 01:16:00,10322052.122083126,3145001.086489863,17122290.139618415,1072973.433,too low
2023-04-09 01:18:00,9856302.2764497,2426634.92231883,16600760.410585968,1294257.483,too low
2023-04-09 01:20:00,9206712.589261215,1976845.8415544413,16155880.735512467,1174026.8,too low
2023-04-09 05:40:00,3910385.2514287313,0.0,10843223.87361624,20077139.27,too high
2023-04-09 05:42:00,3955689.660617919,0.0,11069775.386579506,20501234.37,too high
2023-04-09 05:44:00,3979355.379287356,0.0,10997892.9059823,19423021.1,too high
2023-04-09 05:46:00,3981945.4453625255,0.0,11034031.037186025,19270221.5,too high
2023-04-09 05:48:00,3964489.4359584376,0.0,11401215.227228966,21642756.47,too high
2023-04-09 05:50:00,3928207.073081094,0.0,11063527.543546429,23408906.87,too high
2023-04-09 05:52:00,3874330.3792092046,0.0,11406990.677698135,24808006.78,too high
2023-04-09 05:54:00,3804048.6895232345,0.0,10388268.985564902,22611147.4,too high
2023-04-12 13:50:00,9399712.628733696,2665739.683833784,16904260.43560013,20316258.85,too high
2023-04-12 13:52:00,9450811.262975823,2111799.46226258,17103463.243741695,19974002.13,too high
2023-04-12 13:54:00,9481098.092240049,2563577.839380145,16258140.971006984,19844090.97,too high
2023-04-12 13:56:00,9490752.327748518,2017047.983423872,16565664.662287015,20236216.35,too high
2023-04-12 13:58:00,9483262.708103012,2548587.9445708413,16114245.40536792,18476080.15,too high
2023-04-12 14:32:00,10570941.90914495,3549169.408598272,17331389.42995701,20547738.17,too high
2023-04-12 14:34:00,10463622.904768776,3630063.674042607,17570335.07057275,20268083.68,too high
2023-04-12 14:36:00,10318897.590578755,3046081.949476341,16949987.957593877,20529399.8,too high
2023-04-12 17:18:00,10271346.348769523,3666226.417885728,16923796.362852987,19728609.13,too high
2023-04-12 17:20:00,10283530.66298559,2826182.27419496,17343532.054158233,20600908.05,too high
2023-04-12 17:22:00,10287326.577504847,3516872.101799766,17005686.125650376,18736866.88,too high
2023-04-12 19:02:00,10530732.66336194,3649489.0706306975,18019027.872126672,20776080.83,too high
2023-04-12 19:04:00,10999305.797353843,3616071.25674419,18113944.21355165,21589475.98,too high
2023-04-12 19:06:00,11525778.126457391,4294699.55666789,19193871.5938224,21248876.03,too high
2023-04-12 19:08:00,12089931.668437628,5232800.707871299,19220457.574274413,20337844.42,too high
2023-04-12 19:10:00,12666782.770437002,5426114.439130796,19718447.443064995,22881889.82,too high
2023-04-12 20:02:00,9128963.072416823,1919881.002506532,16391513.236684214,18764495.53,too high
2023-04-12 20:04:00,9123553.17434926,2111397.0236903736,16379386.98971026,19921887.92,too high
2023-04-12 20:32:00,9333613.351198576,1911484.5227127788,16020394.17362613,18467535.1,too high
2023-04-12 20:34:00,9405816.6053129,2092934.3457734168,15964921.32452202,18844251.25,too high
2023-04-12 20:36:00,9455401.36227816,2322893.054297343,16156499.435655944,19831771.48,too high
2023-04-12 20:38:00,9473477.53518,2126670.139955583,16358984.456204848,19075803.22,too high
2023-04-13 00:58:00,8441635.587630337,1071705.3075743597,15565269.255838497,931179.8833,too low
2023-04-13 01:00:00,9231115.232740156,2191036.8298934777,16940021.234189503,733199.8333,too low
2023-04-13 01:02:00,10040633.390199289,3074610.021369365,16857872.40205365,23944053.92,too high
2023-04-13 01:04:00,10824530.280275457,3763595.873443057,17870657.354854163,32491792.43,too high
2023-04-13 01:06:00,11535426.333573818,4481607.616803933,18609725.067024235,32444726.05,too high
2023-04-13 01:08:00,12127860.58846752,4697574.707159707,19236209.064731777,32778569.3,too high
2023-04-13 01:10:00,12561912.924246363,5925716.190835082,19591355.882993743,32442094.87,too high
2023-04-13 01:12:00,12806484.029438792,6200165.608661728,19710562.619405925,31304968.2,too high
2023-04-13 01:14:00,12841929.33928869,5569444.809362534,19765687.170571543,31393120.17,too high
2023-04-13 01:16:00,12661796.04930165,5455316.850578528,20190286.827072203,39026832.75,too high
2023-04-13 01:18:00,12273491.09770974,4896957.236431404,19529382.15714249,42664809.45,too high
2023-04-13 01:20:00,11697805.399974167,4625109.533867831,18493435.937621333,39082078.68,too high
2023-04-13 01:22:00,10967326.127989044,3740865.886739326,18183447.11389676,37298275.82,too high
2023-04-13 01:24:00,10123873.72562463,2285458.4985140297,16921414.581037547,40880808.83,too high
2023-04-13 01:26:00,9215193.12176332,1938816.176458759,17007337.719057098,18815838.3,too high
2023-04-13 01:28:00,8291199.512688436,1253562.9752944168,15734648.264081664,424696.9833,too low
2023-04-13 08:32:00,6942682.612294222,0.0,14052790.47280338,14608047.27,too high
2023-04-13 08:34:00,6786058.068305959,0.0,13733179.66338733,14926650.18,too high
2023-04-13 10:18:00,16718696.053258874,9749574.048393289,23787528.4793325,9097202.117,too low
2023-04-13 10:20:00,16935859.995954897,9905710.644364744,23966597.55088124,9344032.283,too low
2023-04-13 10:22:00,17124220.65108472,9879218.45362255,23406430.766503185,8872570.283,too low
2023-04-13 10:30:00,17577682.859937303,10582210.15969017,24700287.943668395,10560473.18,too low
2023-04-13 15:02:00,10943076.567138772,3741628.976049237,17564421.079389144,18034994.95,too high
2023-04-13 15:04:00,11180724.323934289,4020558.401628112,18146031.68626496,19486974.88,too high
2023-04-14 08:04:00,3547637.1839601058,0.0,10524579.30176826,11768741.02,too high
2023-04-14 14:20:00,11448930.747230273,4134375.7049958496,19080971.75728194,21131063.83,too high
2023-04-14 14:22:00,11635477.125834262,4514670.817783131,19147089.796280168,20979135.6,too high
2023-04-14 14:24:00,11795347.6545881,4312610.1750254985,18395209.870762598,19861898.45,too high
2023-04-14 15:04:00,12743198.697489863,6076809.831299975,19908580.11679201,20901803.0,too high
2023-04-14 15:18:00,13096155.317459956,6102674.088000541,20209248.71055728,20713127.77,too high
2023-04-14 15:22:00,12743843.35977272,5996783.460543039,19379350.63977831,21984986.65,too high
2023-04-14 15:26:00,12333204.229827289,5140123.655626577,19303680.89185321,19487496.42,too high
2023-04-14 19:18:00,14405097.89356799,7091537.832121145,21855280.346620515,5763698.885,too low
2023-04-14 20:08:00,8503785.992645282,1761321.069964755,15185208.0642406,17509614.58,too high
2023-04-15 01:10:00,8481169.213284016,1494758.9983526128,15509786.236531526,1033152.017,too low
2023-04-15 01:12:00,8729951.283194955,1867865.111235299,16529766.977352751,1299979.6,too low
2023-04-15 01:14:00,8777285.098249482,2228122.5997101543,15801521.5342808,1633129.75,too low
2023-04-15 01:18:00,8246950.7461660225,1155827.2063950363,15710217.240371551,827704.2,too low
2023-04-15 09:00:00,13140274.861635275,6320073.175811557,20219292.48507055,4691729.9,too low
2023-04-15 10:04:00,10980253.136211753,3783727.490229021,18287803.358838744,18717650.03,too high
2023-04-15 10:24:00,12046432.335993934,5160186.694326236,19054104.814968377,19309147.72,too high
2023-04-15 11:08:00,10246904.505168611,3325554.102691684,17235395.037765015,18862312.62,too high
2023-04-15 18:32:00,5704120.303061739,0.0,12545166.159537094,14508944.1,too high
2023-04-15 18:34:00,5575358.314725842,0.0,11976604.672651269,14760742.0,too high
2023-04-15 18:36:00,5442343.271474593,0.0,12967900.971752403,14791901.43,too high
2023-04-15 19:08:00,6266839.48682617,0.0,13551743.885563225,14002437.48,too high
2023-04-16 01:04:00,6742233.319830534,0.0,13772576.788686194,24868877.97,too high
2023-04-16 01:06:00,7359403.088265711,93167.90144807276,14240891.760784514,32248144.67,too high
2023-04-16 01:08:00,7860990.475023188,855671.18565698,14242123.44886979,33376776.07,too high
2023-04-16 01:10:00,8207197.81613316,1162428.6713672453,15215069.548846848,31782956.8,too high
2023-04-16 01:12:00,8367043.577670421,640155.4317478933,15207801.212435082,33468710.13,too high
2023-04-16 01:14:00,8320996.134234888,1222232.944008266,15564949.27249724,38013825.45,too high
2023-04-16 01:16:00,8062710.632755272,1148979.132586982,15244524.731864825,36754530.82,too high
2023-04-16 01:18:00,7599696.826681784,0.0,14422868.763280232,41614535.22,too high
2023-04-16 01:20:00,6952843.178762184,53237.47232283671,14199382.1840719,36553713.22,too high
2023-04-16 08:32:00,6347062.796550253,0.0,13707498.051608471,14601914.02,too high
2023-04-16 08:34:00,6173090.093148748,0.0,13129590.381294828,14553400.2,too high
2023-04-17 08:32:00,7062922.922661612,66012.51359574543,14000302.349238846,15048149.45,too high
2023-04-17 08:34:00,6893925.954732236,0.0,13955734.014887923,15026820.2,too high
2023-04-17 09:32:00,12762831.21307606,5576428.857659576,19850710.70671539,20294381.37,too high
2023-04-17 09:38:00,13004342.454415198,5918644.405447852,20125495.01325908,20481346.63,too high
2023-04-17 10:20:00,15706074.672910428,8739101.76084091,22909949.46841728,7889496.7,too low
2023-04-17 11:10:00,14166428.727435794,7291364.500743137,21426060.836644422,22734288.72,too high
2023-04-17 12:32:00,12842960.721415026,5712631.081986135,19398040.870671827,20375085.9,too high
2023-04-17 12:34:00,12666278.680727843,5843629.138815755,19803491.24246133,20355580.25,too high
2023-04-17 17:04:00,11441668.959292442,4325016.025788432,18252541.5886725,19971615.03,too high
2023-04-17 17:08:00,11527965.51573728,4716583.967377177,18730447.199726146,20838094.23,too high
2023-04-17 17:10:00,11568597.6698425,3962329.225884354,18266186.473045018,19665210.7,too high
2023-04-17 18:44:00,11741752.051264595,4914789.444816858,18452276.92647143,19241320.6,too high
2023-04-17 18:46:00,11669583.35537827,4513464.998281511,18213404.750423796,19037274.45,too high
2023-04-17 20:02:00,9692299.16001863,2484831.112540188,16423841.619274126,16941752.55,too high
2023-04-17 20:32:00,9359672.406393338,1611661.3070043498,16432804.766035156,19076925.82,too high
2023-04-17 20:34:00,9411394.05310246,2220658.8778568413,16346888.697384462,17293332.0,too high
2023-04-17 20:36:00,9442677.530329283,2466030.4788414594,16447750.82884653,18605283.18,too high
2023-04-17 20:38:00,9444657.685201695,2456720.9579072334,16800894.929378312,18842209.38,too high
2023-04-17 20:40:00,9410300.96823635,2643729.0690603293,16848108.56494299,17861043.58,too high
2023-04-18 08:34:00,6993503.748578793,75828.8329643696,14048898.600335546,14801164.22,too high
2023-04-18 10:06:00,13170495.150484208,6161260.508498615,20105917.00356936,20321598.24,too high
2023-04-18 10:08:00,13314376.174785128,6658550.736792231,20897279.72243437,21343888.97,too high
2023-04-18 11:42:00,11824222.015948366,5494569.207148639,18656987.05352453,19019937.57,too high
2023-04-18 15:08:00,13218380.55573335,6045258.195921489,20660600.64758373,20768520.77,too high
2023-04-18 15:22:00,13242394.184819434,6143216.400794755,20574337.235084232,21408450.53,too high
2023-04-18 16:20:00,11876287.484994275,4753628.232846935,19026515.7211218,19401733.13,too high
2023-04-18 16:52:00,12118923.79384233,5230672.523872104,19548197.832380664,20424086.05,too high
2023-04-18 17:20:00,12161214.25794467,5061649.877090005,19513549.21002313,19765365.98,too high
2023-04-18 17:24:00,12085145.498340633,5008906.893563784,19495713.578425504,19687317.55,too high
2023-04-18 17:26:00,12016470.621927869,5463492.022836928,19359350.991538387,19371827.47,too high
2023-04-18 18:02:00,10511573.092008846,3665022.2979944902,17557046.139421992,18025781.55,too high
2023-04-18 18:04:00,10615468.747722415,3753320.725948425,18105499.23284309,21517172.3,too high
2023-04-18 18:06:00,10700526.83146318,2846922.910062286,17562904.078665,20081570.55,too high
2023-04-18 18:08:00,10759126.424885403,3931490.595749972,18051244.60114556,20740661.3,too high
2023-04-18 18:32:00,10012775.53482454,2940084.186155596,17463220.849869076,17993693.73,too high
2023-04-18 18:34:00,9943555.337444115,3256336.2474597925,16350506.127228497,17797961.7,too high
2023-04-18 19:18:00,13985694.097125804,6973712.6565778265,21320254.86586799,6166061.767,too low
2023-04-18 20:18:00,8015193.862621159,929621.454996454,15035639.657632522,17934125.37,too high
2023-04-18 20:20:00,8034593.908147623,799251.1865288833,15334483.44903288,16459207.23,too high
2023-04-18 20:22:00,8077676.7204373,1132925.9139545918,14648675.912009854,15887256.15,too high
2023-04-18 20:24:00,8144606.459533467,549267.1637914061,14875854.240408616,18168364.13,too high
2023-04-19 09:00:00,14605184.04961427,7716662.927403841,21940159.200610988,7671723.267,too low
2023-04-19 12:32:00,12072661.874033768,5249357.627112324,19383767.12077657,19614446.08,too high
2023-04-19 12:34:00,11877657.10424776,4290620.593499689,18199825.65763967,18621517.88,too high
2023-04-19 14:02:00,9657675.969133658,2673365.58241699,16091731.353771886,19521901.15,too high
2023-04-19 14:04:00,9643967.398484511,2461859.4295719946,17136329.319052987,17489654.47,too high
2023-04-19 16:48:00,9782587.563574491,2047200.1236237127,16883021.10150826,19951682.2,too high
2023-04-19 16:50:00,9930281.68408814,2895069.980475493,17028044.67380576,20064753.55,too high
2023-04-19 16:52:00,10069914.447884934,2471329.6008047345,16793033.679147404,20415417.5,too high
2023-04-19 16:54:00,10193723.193453304,3057428.9228254906,17610311.13894815,19401485.78,too high
2023-04-19 16:56:00,10296114.565705763,3053594.7351795244,17389867.311828237,17602996.03,too high
2023-04-19 17:02:00,10459128.778290136,3592081.2372334604,17635371.730263773,19572686.88,too high
2023-04-19 17:04:00,10473019.387044609,3319943.973103653,17024700.062497176,18950002.2,too high
2023-04-19 18:06:00,9994819.809421334,3214724.8044153894,16973661.050982043,18007736.37,too high
2023-04-19 18:32:00,9903711.610280003,2895780.895378848,16835086.71078477,18796946.8,too high
2023-04-19 19:14:00,14044230.229495237,7123031.313814082,21004032.802739505,6381375.963,too low
2023-04-19 19:16:00,14489201.390566813,7470341.01527376,21370661.904369093,6541004.9,too low
2023-04-19 19:18:00,14836181.974660384,7767141.246675097,22771148.82847769,7765828.233,too low
2023-04-19 19:30:00,14253986.625669252,6905047.212492483,21833110.33797312,6734555.717,too low
2023-04-20 01:02:00,10542977.731994657,2926691.568951007,17531014.015199766,26740835.08,too high
2023-04-20 01:04:00,11328041.653685156,4344964.502117232,18373536.09831088,35298071.83,too high
2023-04-20 01:06:00,12040104.738214605,4969271.278820775,18744385.19760357,39356530.4,too high
2023-04-20 01:08:00,12633706.02542245,5330683.431359081,20023255.818776257,37265496.75,too high
2023-04-20 01:10:00,13068925.392794192,6498241.023532115,19881991.2525923,37317196.95,too high
2023-04-20 01:12:00,13314663.5301434,6290110.77375736,20558729.069383685,45053789.98,too high
2023-04-20 01:14:00,13351275.87127062,6306540.891973906,19963611.078738585,43044516.37,too high
2023-04-20 01:16:00,13172309.612999815,6140278.661527945,20298193.256305005,42734722.2,too high
2023-04-20 01:18:00,12785171.693150915,5950288.602901984,19547720.40665058,2496128.85,too low
2023-04-20 01:20:00,12210653.0271753,5125436.157389308,19465599.12030345,2974758.783,too low
2023-04-20 01:22:00,11481340.787051722,4661825.784848699,18674235.455646988,2101847.9,too low
2023-04-20 01:24:00,10639055.416601468,3272450.8937392244,17460233.472683005,3119831.2,too low
2023-04-20 08:34:00,7552151.812781119,889300.946126379,14872916.28210901,14988230.75,too high
2023-04-20 10:14:00,17048704.474167835,10563524.264033448,23541172.80686418,9454535.933,too low
2023-04-20 10:22:00,17953334.184429884,10532475.23980605,25217589.329121742,8002022.467,too low
2023-04-20 10:30:00,18411464.52581376,11410616.57689365,25387554.836900584,9383514.683,too low
2023-04-20 14:08:00,11647970.409113657,4329378.837887039,18593336.4554526,20643619.83,too high
2023-04-20 16:42:00,10596624.52174622,4264171.815001385,17653153.020741224,24180290.1,too high
2023-04-20 17:02:00,11952300.842168212,4623705.308900644,18765667.211832967,21622574.6,too high
2023-04-20 17:04:00,11990209.083702492,5049524.298748627,18886769.959829148,19775052.08,too high
2023-04-20 18:32:00,10888286.424268777,3623919.5355638247,17703752.565283608,18501307.93,too high
2023-04-20 18:34:00,10817283.826185923,3628484.665473053,18255696.076152224,18898106.03,too high
2023-04-20 20:32:00,9667459.196258394,2625914.549037769,17150950.748848975,17521564.47,too high
2023-04-20 20:36:00,9903926.451977644,3007541.113458848,16871599.778404064,19750036.42,too high
2023-04-21 13:06:00,10848955.7038496,3860673.936781266,17586736.477984052,19230945.18,too high
2023-04-21 17:06:00,11888329.69219288,5185028.86025839,19362505.19133834,20431525.9,too high
2023-04-21 17:10:00,11858241.64185811,4959431.938327535,19083061.57517064,21023712.88,too high
2023-04-21 17:32:00,11565130.210384889,4554701.689838858,18654799.1663715,18875799.02,too high
2023-04-21 17:34:00,11422795.55093541,4238909.624108319,18712601.17786796,19739258.35,too high
2023-04-21 17:36:00,11261293.189730149,3814107.415025279,18560446.307701465,19178328.37,too high
2023-04-21 17:38:00,11089774.715184078,3813995.1239601257,17933957.356260277,19765185.92,too high
2023-04-21 18:32:00,11538914.298572116,4363251.046342039,18183414.748526964,19297389.33,too high
2023-04-21 19:14:00,15617216.889002118,8347158.340734041,22809155.99146043,5872775.1,too low
2023-04-21 19:16:00,16049011.024310648,9213581.965068247,23330787.99886653,7773580.25,too low
2023-04-21 19:18:00,16382017.117282476,9359506.14294408,22932792.808935616,7823862.717,too low
2023-04-21 19:28:00,16121367.5727486,9224442.928395735,23439494.81102423,8987085.4,too low
2023-04-21 20:04:00,10577940.492785737,4093919.051566669,17371987.965956226,17536583.27,too high
